{
  "extended": {
    "0": {
      "speeds": [
        15.41,
        25.05,
        34.0,
        45.63,
        57.26,
        65.76
      ],
      "lift": [
        97.7988481702225,
        261.13252491060115,
        482.27395494697237,
        880.4452900363963,
        1364.6545416926726,
        1764.621495993546
      ],
      "drag": [
        2.74411066677991,
        7.536701547661565,
        13.802399489682692,
        24.869792535518215,
        39.24641131246128,
        51.505577052270354
      ]
    },
    "10": {
      "speeds": [
        15.41,
        25.05,
        34.0,
        45.63,
        57.26,
        65.76
      ],
      "lift": [
        498.1189604221849,
        1372.332890782258,
        2490.962394602572,
        4402.027467264836,
        7006.2703639081265,
        9138.092555179679
      ],
      "drag": [
        7.492207485598373,
        19.684683830096944,
        37.53525533011782,
        66.92450942665926,
        108.91626915323796,
        142.96214732706918
      ]
    },
    "20": {
      "speeds": [
        15.41,
        25.05,
        34.0,
        45.63,
        57.26,
        65.76
      ],
      "lift": [
        885.4214374218682,
        2390.709346046872,
        4349.96115266323,
        7653.350362009017,
        12474.353071319834,
        16431.639460405284
      ],
      "drag": [
        20.570267046497662,
        55.56793333846626,
        104.21213311786205,
        177.54453903108924,
        292.3306283492903,
        375.22304740168664
      ]
    }
  },
  "retracted": {
    "0": {
      "speeds": [
        15.41,
        25.05,
        34.0,
        45.63,
        57.26,
        65.76
      ],
      "lift": [
        96.3535449952931,
        257.2734235572425,
        475.14675364233744,
        867.43378328709,
        1344.4872331947513,
        1738.5433458064495
      ],
      "drag": [
        2.4946460607090093,
        6.8515468615105135,
        12.547635899711537,
        22.608902305016564,
        35.678555738601155,
        46.82325186570033
      ]
    },
    "10": {
      "speeds": [
        15.41,
        25.05,
        34.0,
        45.63,
        57.26,
        65.76
      ],
      "lift": [
        459.0958160573133,
        1264.822940813141,
        2295.817875209744,
        4057.1681725943195,
        6457.39204046832,
        8422.205119981272
      ],
      "drag": [
        7.068120269432429,
        18.570456443487686,
        35.41061823596021,
        63.13632964779176,
        102.75119731437545,
        134.86995030855581
      ]
    },
    "20": {
      "speeds": [
        15.41,
        25.05,
        34.0,
        45.63,
        57.26,
        65.76
      ],
      "lift": [
        820.1446206743201,
        2214.456672141714,
        4029.264583752329,
        7089.11470204994,
        11554.69377116582,
        15220.233148579564
      ],
      "drag": [
        22.66927388797701,
        61.2381306179016,
        114.84602425233777,
        195.6613287281392,
        322.1602843032995,
        413.51111346308323
      ]
    }
  }
}